player_id;username;email;created_at;level
100;CyberWolf_Pro;CyberWolf_Pro@gmail.ru;09.02.2026;2
101;NightShadow_X;NightShadow_X@gmail.ru;12.02.2026;43
102;StormRider_99;StormRider_99@gmail.ru;20.03.2026;113
103;Phoenix_Rise;Phoenix_Rise@gmail.ru;08.04.2026;69
104;CrystalMind_88;CrystalMind_88@gmail.ru;04.04.2026;64
105;ThunderStrike_X;ThunderStrike_X@gmail.ru;05.05.2026;117
106;Aurora_Dream;Aurora_Dream@gmail.ru;05.01.2026;104
107;NeonPhoenix_21;NeonPhoenix_21@gmail.ru;10.04.2026;71
108;Mystic_Soul;Mystic_Soul@gmail.ru;13.03.2026;113
109;Quantum_Edge;Quantum_Edge@gmail.ru;10.01.2026;81
110;Ice_Phoenix;Ice_Phoenix@gmail.ru;08.04.2026;64
111;Shadow_Knight;Shadow_Knight@gmail.ru;17.01.2026;31
112;Star_Walker;Star_Walker@gmail.ru;04.05.2026;114
113;Thunder_King;Thunder_King@gmail.ru;25.01.2026;11
114;Crystal_Spirit;Crystal_Spirit@gmail.ru;04.02.2026;103
115;Storm_Master;Storm_Master@gmail.ru;13.01.2026;85
116;Phoenix_Fire;Phoenix_Fire@gmail.ru;16.04.2026;5
117;Night_Hunter;Night_Hunter@gmail.ru;03.05.2026;112
118;Cyber_Ninja;Cyber_Ninja@gmail.ru;14.03.2026;43
119;Digital_Ghost;Digital_Ghost@gmail.ru;13.01.2026;93
120;Lunar_Wanderer;Lunar_Wanderer@gmail.ru;13.03.2026;112
121;Solar_Flare;Solar_Flare@gmail.ru;23.01.2026;72
122;Arctic_Storm;Arctic_Storm@gmail.ru;18.04.2026;49
123;Cosmic_Drifter;Cosmic_Drifter@gmail.ru;09.02.2026;56
124;Neon_Pulse;Neon_Pulse@gmail.ru;14.03.2026;112
125;Quantum_Leap;Quantum_Leap@gmail.ru;26.02.2026;56
126;Storm_Chaser;Storm_Chaser@gmail.ru;17.02.2026;7
127;Shadow_Dancer;Shadow_Dancer@gmail.ru;09.05.2026;21
128;Crystal_Blade;Crystal_Blade@gmail.ru;13.01.2026;74
129;Thunder_Lord;Thunder_Lord@gmail.ru;16.04.2026;89
130;Phoenix_Rider;Phoenix_Rider@gmail.ru;03.05.2026;66
131;Night_Stalker;Night_Stalker@gmail.ru;04.04.2026;70
132;Cyber_Wizard;Cyber_Wizard@gmail.ru;16.01.2026;83
133;Digital_Dreamer;Digital_Dreamer@gmail.ru;21.03.2026;31
134;Lunar_Knight;Lunar_Knight@gmail.ru;23.02.2026;31
135;Solar_Guardian;Solar_Guardian@gmail.ru;08.04.2026;13
136;Arctic_Phoenix;Arctic_Phoenix@gmail.ru;16.02.2026;116
137;Cosmic_Rogue;Cosmic_Rogue@gmail.ru;11.05.2026;63
138;Neon_Knight;Neon_Knight@gmail.ru;04.02.2026;82
139;Quantum_Soul;Quantum_Soul@gmail.ru;15.04.2026;58
140;Storm_Spirit;Storm_Spirit@gmail.ru;12.04.2026;49
141;Shadow_Phoenix;Shadow_Phoenix@gmail.ru;21.02.2026;18
142;Crystal_Storm;Crystal_Storm@gmail.ru;18.04.2026;103
143;Thunder_Master;Thunder_Master@gmail.ru;23.03.2026;112
144;Phoenix_Knight;Phoenix_Knight@gmail.ru;24.04.2026;61
145;Night_Phoenix;Night_Phoenix@gmail.ru;02.04.2026;75
146;Cyber_Phoenix;Cyber_Phoenix@gmail.ru;25.02.2026;28
147;Digital_Phoenix;Digital_Phoenix@gmail.ru;21.04.2026;114
148;Lunar_Phoenix;Lunar_Phoenix@gmail.ru;03.03.2026;114
149;Solar_Phoenix;Solar_Phoenix@gmail.ru;14.02.2026;73
150;Arctic_Phoenix;Arctic_Phoenix@gmail.ru;01.03.2026;81
151;Cosmic_Phoenix;Cosmic_Phoenix@gmail.ru;27.02.2026;41
152;Neon_Phoenix;Neon_Phoenix@gmail.ru;05.04.2026;8
153;Quantum_Phoenix;Quantum_Phoenix@gmail.ru;07.01.2026;52
154;Storm_Phoenix;Storm_Phoenix@gmail.ru;19.02.2026;22
155;Shadow_Storm;Shadow_Storm@gmail.ru;10.01.2026;23
156;Crystal_Knight;Crystal_Knight@gmail.ru;05.03.2026;39
157;Thunder_Phoenix;Thunder_Phoenix@gmail.ru;21.04.2026;27
158;Phoenix_Storm;Phoenix_Storm@gmail.ru;05.03.2026;92
159;Night_Spirit;Night_Spirit@gmail.ru;26.04.2026;52
160;Cyber_Storm;Cyber_Storm@gmail.ru;02.05.2026;39
161;Digital_Storm;Digital_Storm@gmail.ru;23.04.2026;86
162;Lunar_Storm;Lunar_Storm@gmail.ru;15.02.2026;38
163;Solar_Storm;Solar_Storm@gmail.ru;30.04.2026;29
164;Arctic_Storm;Arctic_Storm@gmail.ru;27.04.2026;111
165;Cosmic_Storm;Cosmic_Storm@gmail.ru;10.02.2026;99
166;Neon_Storm;Neon_Storm@gmail.ru;15.03.2026;49
167;Quantum_Storm;Quantum_Storm@gmail.ru;27.04.2026;79
168;Storm_Knight;Storm_Knight@gmail.ru;12.05.2026;42
169;Shadow_Knight;Shadow_Knight@gmail.ru;26.04.2026;34
170;Crystal_Knight;Crystal_Knight@gmail.ru;12.01.2026;44
171;Thunder_Knight;Thunder_Knight@gmail.ru;21.02.2026;118
172;Phoenix_Knight;Phoenix_Knight@gmail.ru;17.03.2026;4
173;Night_Knight;Night_Knight@gmail.ru;03.03.2026;2
174;Cyber_Knight;Cyber_Knight@gmail.ru;03.03.2026;13
175;Digital_Knight;Digital_Knight@gmail.ru;23.02.2026;17
176;Lunar_Knight;Lunar_Knight@gmail.ru;09.01.2026;51
177;Solar_Knight;Solar_Knight@gmail.ru;13.03.2026;11
178;Arctic_Knight;Arctic_Knight@gmail.ru;15.03.2026;54
179;Cosmic_Knight;Cosmic_Knight@gmail.ru;13.01.2026;10
180;Neon_Knight;Neon_Knight@gmail.ru;18.04.2026;73
